{
  "hold": {
    "n_observations": 1296,
    "correlation_matrix": [
      [
        1.0,
        0.16241720960643957,
        0.17113778998491203,
        0.005718842227506094
      ],
      [
        0.16241720960643957,
        1.0,
        0.08371817240322138,
        -0.047050868236273594
      ],
      [
        0.17113778998491203,
        0.08371817240322138,
        1.0,
        0.061180262359846485
      ],
      [
        0.005718842227506094,
        -0.047050868236273594,
        0.061180262359846485,
        1.0
      ]
    ],
    "rmt_analysis": {
      "eigenvalues": [
        1.2820025359860263,
        1.044788239108105,
        0.8712741723620834,
        0.801935052543784
      ],
      "spectrum_test": {
        "lambda_min_theoretical": 0,
        "lambda_max_theoretical": 23.745966692414836,
        "lambda_min_empirical": 0.801935052543784,
        "lambda_max_empirical": 1.2820025359860263,
        "signal_eigenvalues": 0,
        "noise_eigenvalues": 4,
        "signal_ratio": 0.0,
        "noise_ratio": 1.0,
        "largest_eigenvalue_ratio": 0.05398822261447608
      },
      "insights": {
        "participation_ratios": [
          2.9257829597934233,
          1.7274783739272597,
          2.927275579144805,
          2.323270155073805
        ],
        "max_participation": 2.927275579144805,
        "min_participation": 1.7274783739272597,
        "avg_participation": 2.475951766984823,
        "eigenvalue_ratios": "[0.81496581 0.83392418 0.92041642]",
        "max_ratio": 0.9204164176813411,
        "min_ratio": 0.8149658130781521,
        "sorted_eigenvalues": "[1.28200254 1.04478824 0.87127417 0.80193505]",
        "sorted_eigenvectors": "[[-0.64156317 -0.02980468  0.06026811  0.76411788]\n [-0.52684226 -0.38876883 -0.63672033 -0.40728767]\n [-0.55565216  0.33246213  0.57595694 -0.4989922 ]\n [-0.04565759  0.85874292 -0.50914495  0.03531854]]"
      },
      "deflation_analysis": {
        "cumulative_variance": "[0.32050063 0.58169769 0.79951624 1.        ]",
        "n_components_95": "4",
        "dominant_eigenvalue": 1.2820025359860263,
        "dominant_ratio": 0.32050063399650675,
        "dominant_vector": "[-0.64156317 -0.52684226 -0.55565216 -0.04565759]",
        "max_component": 0.6415631679496531,
        "min_component": 0.04565759498534959,
        "is_market_like": "False"
      }
    }
  },
  "hike": {
    "n_observations": 420,
    "correlation_matrix": [
      [
        1.0,
        0.4345036740329166,
        0.14310451903286064,
        0.014171883845779784
      ],
      [
        0.4345036740329166,
        1.0,
        0.12189533545103777,
        -0.018023116624864898
      ],
      [
        0.14310451903286064,
        0.12189533545103777,
        1.0,
        -0.09637004565544173
      ],
      [
        0.014171883845779784,
        -0.018023116624864898,
        -0.09637004565544173,
        1.0
      ]
    ],
    "rmt_analysis": {
      "eigenvalues": [
        1.5068128486456536,
        1.0593621267462383,
        0.870579656263371,
        0.5632453683447394
      ],
      "spectrum_test": {
        "lambda_min_theoretical": 0,
        "lambda_max_theoretical": 23.745966692414836,
        "lambda_min_empirical": 0.5632453683447394,
        "lambda_max_empirical": 1.5068128486456536,
        "signal_eigenvalues": 0,
        "noise_eigenvalues": 4,
        "signal_ratio": 0.0,
        "noise_ratio": 1.0,
        "largest_eigenvalue_ratio": 0.06345552776029852
      },
      "insights": {
        "participation_ratios": [
          2.551988695317792,
          1.9104429019229248,
          2.096498414692619,
          2.02658800792601
        ],
        "max_participation": 2.551988695317792,
        "min_participation": 1.9104429019229248,
        "avg_participation": 2.1463795049648366,
        "eigenvalue_ratios": "[0.70304824 0.82179609 0.64697741]",
        "max_ratio": 0.8217960924630179,
        "min_ratio": 0.6469774067111261,
        "sorted_eigenvalues": "[1.50681285 1.05936213 0.87057966 0.56324537]",
        "sorted_eigenvectors": "[[ 0.66097043  0.1994371  -0.12489392  0.71256189]\n [ 0.65539535  0.16771808 -0.23859855 -0.69670532]\n [ 0.35813031 -0.50782254  0.78169299 -0.05305671]\n [-0.07292259  0.82110398  0.56251961 -0.06357854]]"
      },
      "deflation_analysis": {
        "cumulative_variance": "[0.37670321 0.64154374 0.85918866 1.        ]",
        "n_components_95": "4",
        "dominant_eigenvalue": 1.5068128486456536,
        "dominant_ratio": 0.3767032121614132,
        "dominant_vector": "[ 0.66097043  0.65539535  0.35813031 -0.07292259]",
        "max_component": 0.6609704266571063,
        "min_component": 0.07292258988112006,
        "is_market_like": "False"
      }
    }
  },
  "cut": {
    "n_observations": 95,
    "correlation_matrix": [
      [
        1.0,
        0.25195412482424023,
        0.06624845611437896,
        0.24429486884859125
      ],
      [
        0.25195412482424023,
        1.0,
        0.1623287540935345,
        0.2570965088775199
      ],
      [
        0.06624845611437896,
        0.1623287540935345,
        1.0,
        0.20858953168232836
      ],
      [
        0.24429486884859125,
        0.2570965088775199,
        0.20858953168232836,
        1.0
      ]
    ],
    "rmt_analysis": {
      "eigenvalues": [
        1.6092905365995374,
        0.9417322518175224,
        0.7414291292935884,
        0.7075480822893505
      ],
      "spectrum_test": {
        "lambda_min_theoretical": 0,
        "lambda_max_theoretical": 23.745966692414836,
        "lambda_min_empirical": 0.7075480822893505,
        "lambda_max_empirical": 1.6092905365995374,
        "signal_eigenvalues": 0,
        "noise_eigenvalues": 4,
        "signal_ratio": 0.0,
        "noise_ratio": 1.0,
        "largest_eigenvalue_ratio": 0.06777111066670502
      },
      "insights": {
        "participation_ratios": [
          3.764062444780076,
          1.8579850924820815,
          2.0147452081523403,
          2.979924604783446
        ],
        "max_participation": 3.764062444780076,
        "min_participation": 1.8579850924820815,
        "avg_participation": 2.654179337549486,
        "eigenvalue_ratios": "[0.58518473 0.78730353 0.95430305]",
        "max_ratio": 0.9543030538380401,
        "min_ratio": 0.5851847322780019,
        "sorted_eigenvalues": "[1.60929054 0.94173225 0.74142913 0.70754808]",
        "sorted_eigenvectors": "[[-0.49098967  0.55617902  0.27843736  0.60997269]\n [-0.54274597  0.1474888  -0.80082427 -0.20580175]\n [-0.38942604 -0.81538986  0.00367857  0.42833772]\n [-0.55919882 -0.0636501   0.53022599 -0.63411809]]"
      },
      "deflation_analysis": {
        "cumulative_variance": "[0.40232263 0.6377557  0.82311298 1.        ]",
        "n_components_95": "4",
        "dominant_eigenvalue": 1.6092905365995374,
        "dominant_ratio": 0.40232263414988445,
        "dominant_vector": "[-0.49098967 -0.54274597 -0.38942604 -0.55919882]",
        "max_component": 0.559198815747031,
        "min_component": 0.38942604383696205,
        "is_market_like": "False"
      }
    }
  }
}